0,0.31460,0.92621
1,0.17491,-0.10529
1,0.04893,0.05203
0,-0.67318,0.79896
1,1.87614,-0.18699
1,0.08520,0.03226
1,1.09011,-0.52749
1,0.43113,-0.37710
1,1.91306,0.06372
0,1.00332,0.07565
1,0.33331,-0.24149
1,1.15059,-0.46989
0,0.65720,0.63394
0,0.82189,0.49354
0,-0.63721,0.81399
1,1.97835,0.12932
0,0.10581,1.00528
1,1.96659,0.32137
1,1.16933,-0.53959
1,0.18064,-0.14094
1,1.90447,0.16583
1,0.29474,-0.17097
0,-0.85261,0.57674
1,1.21088,-0.49283
1,0.14815,0.21321
1,0.60331,-0.40454
0,0.08183,1.03109
1,0.05114,0.04965
0,0.04279,0.95957
1,1.94890,0.27240
1,0.32265,-0.19680
1,0.11739,0.20075
1,1.97855,0.37230
1,1.74398,-0.28022
1,0.14291,0.40711
0,0.21761,0.99302
1,0.06931,0.41285
0,0.91858,0.52637
0,-0.02401,0.96953
0,-0.95385,0.03562
0,1.04259,0.07818
1,0.46661,-0.45474
1,0.21210,-0.18045
0,1.03980,0.07999
1,1.36936,-0.44030
0,-0.05042,1.00203
0,0.49213,0.91396
0,0.54061,0.72516
1,1.86761,-0.16950
1,0.12700,0.07468
1,1.14655,-0.49462
1,0.54482,-0.36608
0,0.96991,0.16019
0,-0.23708,0.99546
0,0.65112,0.83896
0,-0.97706,0.21486
0,0.15940,0.91953
1,1.76114,-0.04954
1,0.04942,0.46165
1,1.21838,-0.46790
0,-0.79899,0.49280
1,1.08269,-0.48955
1,0.06677,0.10901
1,0.63957,-0.42349
0,1.08019,0.14348
0,-0.77825,0.61327
0,-0.99901,0.30158
1,0.32518,-0.13870
0,-0.03546,0.98204
0,0.34996,0.88685
0,0.65894,0.81574
0,-0.88393,0.34180
1,1.85609,0.06302
1,1.58849,-0.32762
0,0.56963,0.91790
1,1.35916,-0.46333
0,0.81063,0.44139
0,0.79582,0.44347
1,1.81199,-0.14810
1,0.94777,-0.56071
0,-0.93300,0.17139
0,1.00873,0.36100
0,0.36441,0.96153
1,0.14120,0.04812
1,1.56177,-0.30712
0,0.71695,0.76196
1,1.60798,-0.26943
0,0.69659,0.70913
0,0.12803,0.97957
0,0.57125,0.85354
0,1.00267,0.15864
1,-0.03671,0.46792
0,0.94559,0.47275
1,0.78125,-0.39686
1,1.17813,-0.54726
1,2.04803,0.51129
1,1.94700,0.22058
0,1.08456,0.25479
1,1.92454,0.07555
0,0.69646,0.76508
1,2.03464,0.41839
1,0.33185,-0.34392
0,-0.15979,1.00624
1,1.14489,-0.46575
0,0.97620,0.05293
0,-1.08687,0.37586
1,0.05170,0.08294
1,1.36773,-0.50278
1,0.33612,-0.16183
0,-0.90320,0.38936
0,0.27027,1.04915
1,1.77457,0.06247
0,-1.10336,0.13940
1,0.10786,0.22816
1,1.15438,-0.46371
0,-0.49089,0.82047
1,1.90494,0.28727
0,0.96657,0.21157
0,-0.51294,0.85303
0,0.96183,-0.03176
0,-0.88114,0.39360
0,1.00478,0.09768
1,0.05899,0.19883
0,0.88258,0.43731
1,1.39124,-0.47855
1,0.06960,0.17632
0,-0.98528,0.01817
1,0.57534,-0.45849
0,-0.74601,0.64070
1,0.09815,-0.08771
0,-0.87078,0.50222
0,0.92347,0.42403
0,0.75859,0.65536
0,0.76721,0.60837
1,1.90165,0.19219
0,0.06760,0.96804
0,-1.00294,-0.02714
1,0.25101,-0.21607
0,-0.75001,0.67981
0,0.66209,0.70109
1,1.47303,-0.41445
0,-0.71681,0.65043
1,0.88678,-0.52711
0,-0.22078,0.98082
0,0.93386,0.22299
0,-0.48498,0.98668
0,0.49430,0.90709
0,0.90856,0.31950
1,1.81113,-0.15733
1,1.95454,0.10613
0,0.20077,0.93585
1,1.99349,0.21807
0,-0.09785,1.13080
1,1.47158,-0.28122
0,1.07557,0.08476
0,-0.64270,0.76278
0,0.60609,0.68170
0,-0.93959,0.38262
0,-0.31034,1.00648
1,0.39445,-0.36910
1,1.91573,0.17362
1,1.85313,-0.00925
1,0.11007,0.14076
1,0.52224,-0.28817
1,1.94219,0.28676
0,-1.04794,0.30888
1,1.38917,-0.41045
1,1.95530,0.07921
0,-0.75880,0.66958
1,0.04788,0.32182
0,-0.08703,0.99709
1,0.69914,-0.40937
0,0.94563,0.35478
0,0.83975,0.60683
0,-0.05697,0.95104
1,1.99221,0.23197
0,-0.51501,0.81182
0,0.45183,0.92361
1,1.71762,-0.02103
0,0.78464,0.56213
1,0.80670,-0.43425
1,1.15872,-0.50991
1,1.98398,0.28499
0,0.72675,0.63283
1,1.34750,-0.51627
1,0.61328,-0.45363
1,0.26021,-0.35966
0,-0.96880,0.28750
0,0.80663,0.65260
1,1.94622,0.20332
1,0.78522,-0.42448
0,-0.59840,0.81241
0,0.21932,0.85582
0,-0.24860,1.00875
0,-0.97497,0.35612
1,0.62426,-0.46918
1,2.01873,0.50351
0,0.36266,0.88589
1,0.16489,0.05510
1,1.34987,-0.41069
1,-0.14813,0.48747
0,-0.37934,0.90463
0,0.20800,1.01495
0,-0.95316,0.27543
1,0.51926,-0.41516
1,1.72385,-0.18301
1,1.27189,-0.49362
1,1.46092,-0.39018
0,0.11446,0.96981
1,0.58372,-0.43942
0,0.60557,0.83723
0,-0.69712,0.73548
0,0.60560,0.81402
1,0.18397,-0.07284
0,0.76865,0.62172
0,0.35224,0.93421
1,0.73851,-0.44977
0,0.71118,0.69048
1,0.46176,-0.35748
0,-0.44366,0.88082
0,0.36923,0.99875
0,-0.47067,0.78641
0,-0.88543,0.51250
0,-0.12404,1.01921
0,-0.30935,1.04543
1,1.48804,-0.37837
1,1.93648,0.35636
1,1.80746,-0.09693
0,0.14397,0.96242
1,1.82358,0.03151
0,-0.46204,0.89413
0,1.04724,0.05559
1,1.78221,-0.00231
1,1.92489,0.39052
1,1.67278,-0.26315
1,0.11022,0.04943
1,0.07663,0.11525
1,1.24761,-0.50360
0,-0.40415,1.00794
1,0.56527,-0.28829
0,-0.04455,1.06760
0,-0.38460,0.96104
0,-1.07922,0.04222
0,-1.05109,0.15212
0,-0.35465,0.88232
1,0.32947,-0.33327
0,0.21717,0.97682
0,0.39820,0.93302
0,-0.90008,0.23883
0,0.83219,0.57044
1,1.99152,0.47052
1,1.60547,-0.22155
1,1.73683,-0.18974
1,1.60637,-0.28929
1,1.70597,-0.14133
0,0.97864,0.20456
1,1.88293,0.10422
1,1.48411,-0.44660
1,0.28501,-0.20291
0,0.74840,0.65955
1,0.04021,0.21565
0,1.04156,0.00206
0,-0.11815,1.00196
1,0.02889,-0.02306
0,0.08862,1.03786
1,0.19644,-0.03400
1,0.23257,-0.21450
1,2.02246,0.41284
1,1.38973,-0.55843
1,1.73357,-0.09946
0,-0.24994,1.09969
0,-0.65352,0.74220
0,-0.93191,0.48043
0,-0.32552,0.99768
0,-0.10165,1.04098
1,-0.04607,0.55488
0,-0.76661,0.68970
0,0.78556,0.63770
1,1.47935,-0.38929
1,-0.06990,0.40426
1,1.03945,-0.50474
1,0.16400,-0.15169
1,1.06924,-0.38916
0,0.79804,0.40683
1,-0.03394,0.46235
0,-0.54730,0.91010
0,-0.70747,0.67875
0,-0.56585,0.79223
1,0.55544,-0.33704
0,0.98199,0.14976
0,0.89411,0.47025
1,1.37329,-0.32777
1,0.31475,-0.23168
0,0.82707,0.60429
0,-0.99575,0.19343
0,-0.27865,1.00477
0,-1.02517,0.00562
0,-0.63810,0.82946
1,0.95828,-0.52963
0,-0.79214,0.68003
1,0.77858,-0.46975
1,0.01981,0.42015
1,0.41038,-0.27840
0,-0.60585,0.89350
1,0.14959,-0.13563
1,2.01030,0.15113
0,0.39883,0.96123
0,0.79201,0.64603
1,1.51776,-0.38906
1,1.63286,-0.25455
0,0.99662,0.08126
1,0.03899,0.22268
0,0.93068,0.25676
1,-0.08080,0.42272
1,1.45249,-0.35078
0,-1.04866,0.06165
0,0.90596,0.63655
0,0.31584,0.97743
1,0.91480,-0.38644
1,1.62597,-0.32117
0,-0.44599,0.86910
1,0.99921,-0.56843
0,0.91964,0.08866
0,1.09107,0.20480
1,1.76762,-0.11473
1,1.05715,-0.48742
0,-0.94804,0.34363
1,0.73608,-0.50790
1,0.61181,-0.43640
0,0.90877,0.38740
1,0.22585,-0.15961
1,1.60391,-0.18874
1,1.50193,-0.39921
1,-0.04278,0.34218
0,-0.90545,0.45697
0,0.63642,0.71448
0,-0.78507,0.63385
0,0.87182,0.33775
1,1.00423,-0.54428
0,0.86621,0.44817
1,1.98751,0.19887
1,0.67364,-0.45702
0,-0.77485,0.75870
1,0.20312,0.19595
0,-0.79409,0.69009
1,1.99155,0.24858
1,1.67211,-0.26569
0,0.94906,0.01480
1,1.04796,-0.59230
0,-0.90058,0.28407
0,0.87956,0.07706
1,2.04226,0.16002
1,0.80905,-0.40978
0,-0.74304,0.54385
0,-0.94108,0.18441
1,0.15441,-0.05876
1,0.42967,-0.31737
1,1.99591,0.28116
0,0.91014,-0.03697
0,-0.72522,0.74306
1,0.92617,-0.46243
0,0.89676,0.43798
1,0.24472,-0.19311
1,0.00369,0.38512
0,0.19258,1.02570
1,0.98762,-0.47769
0,0.92405,0.26179
0,0.37219,1.02202
1,0.13281,-0.12512
1,0.80334,-0.46913
0,0.39706,0.91056
0,-0.82958,0.46513
0,0.51160,0.87866
0,-0.70901,0.77721
1,0.50819,-0.42632
1,1.24875,-0.45974
0,0.09724,1.00632
0,0.27304,0.95874
1,0.12160,0.26081
0,0.90587,0.34242
0,-1.01741,0.35042
0,0.14928,1.02483
0,0.91315,0.13651
1,0.23428,-0.11716
0,-0.95192,0.33381
1,0.74653,-0.46050
1,0.25794,-0.27614
0,-0.04972,0.98647
1,0.63367,-0.42808
1,1.66705,-0.27353
0,0.59319,0.80799
0,1.06321,0.16742
1,1.89969,0.02129
1,0.49564,-0.39417
1,0.48968,-0.41867
0,-0.39499,0.89952
0,0.41474,0.81961
1,1.85319,-0.03562
1,1.65112,-0.17136
0,-0.26660,0.97903
0,-0.27010,0.90067
0,0.88706,0.56457
1,1.86063,-0.03805
0,0.56263,0.84677
0,-0.60831,0.77136
0,-0.03093,1.01760
0,0.01915,0.99356
0,0.66728,0.67947
1,0.93809,-0.55627
1,0.83126,-0.49277
0,0.85445,0.52907
1,1.87000,-0.02325
0,-0.32224,0.92122
1,0.91473,-0.58090
0,-0.23058,0.93426
0,0.44941,0.86834
1,0.27364,-0.10589
1,0.78105,-0.50125
1,0.60426,-0.32222
0,-1.02559,0.18691
1,1.26399,-0.36814
0,0.67995,0.75343
1,-0.07124,0.41778
0,0.57172,0.83500
1,1.29434,-0.47076
0,-0.12946,0.89449
0,-0.86264,0.52497
0,-0.57055,0.81639
1,1.07610,-0.55791
0,-0.20262,1.00450
1,1.22639,-0.48844
0,0.63382,0.73878
0,0.84486,0.51898
1,0.89372,-0.51051
1,0.22877,-0.03353
0,-0.04028,0.88723
1,0.64429,-0.41152
0,-0.29456,0.84930
0,-0.51047,0.86775
0,-0.10803,1.05736
1,0.15988,0.03397
1,1.93477,0.07640
1,0.62612,-0.46889
0,-0.53781,0.88508
0,1.03380,0.07794
0,0.77781,0.55541
0,-0.94874,0.08810
0,0.32745,1.01887
0,0.22733,0.96098
0,-0.73708,0.70323
0,0.77258,0.74545
0,-1.04566,0.03781
0,0.08441,0.96160
1,0.78903,-0.52626
1,1.84791,0.03002
1,0.14635,-0.04696
1,1.31973,-0.37141
0,-1.00626,0.16979
1,1.84371,0.04730
1,0.15943,-0.02137
0,-0.35435,0.98747
1,0.85893,-0.49162
0,0.12163,0.96282
0,0.66626,0.76268
0,-0.63631,0.78390
0,1.03400,0.11897
1,1.24938,-0.51229
1,1.95694,0.41526
1,1.99183,0.43953
0,0.03765,0.92171
1,0.90636,-0.49542
0,-1.06275,0.02344
1,0.79543,-0.49938
0,-0.78824,0.50411
1,0.92665,-0.49164
0,0.53148,0.89511
1,1.81745,-0.05050
1,1.68125,-0.23797
1,0.35113,-0.30684
0,-0.96067,0.25613
1,1.96122,0.45395
1,0.09335,0.21035
1,0.01953,0.40650
1,1.58824,-0.29670
0,0.04675,0.96927
0,0.99653,0.29738
0,-1.15046,0.13581
0,-0.84532,0.69503
1,0.86528,-0.43222
1,0.87432,-0.53701
0,0.84168,0.58131
0,0.55998,0.82367
0,-0.96233,0.04196
0,-0.37023,0.99736
1,0.21729,0.02116
0,-0.99474,0.27167
1,1.13613,-0.46109
1,0.67658,-0.45787
1,0.19880,-0.15314
1,1.16393,-0.48338
1,-0.01376,0.42261
0,-1.06586,0.23025
1,1.38518,-0.35920
0,-0.13698,1.03962
0,-0.94267,0.33364
1,0.12411,-0.09790
1,0.09029,0.13743
0,-0.84310,0.15530
0,-0.25003,0.87646
0,0.51542,0.79547
0,-0.58685,0.92420
1,-0.00717,0.40631
0,0.93320,0.51434
0,0.29680,0.95958
1,1.83742,-0.06158
0,-0.06433,1.02356
0,-0.84913,0.38946
0,0.67696,0.75691
0,-1.03780,0.10833
1,0.40897,-0.36302
1,1.95834,0.48240
1,2.06184,0.15864
1,0.49686,-0.32199
1,0.01881,0.29750
1,1.97776,0.03657
1,1.84061,-0.12275
1,0.83943,-0.40482
0,-0.92010,0.41045
1,0.11055,0.04526
1,1.96059,0.11974
0,0.40795,0.93155
0,-0.33988,0.91717
1,1.20632,-0.42196
0,0.88182,0.38658
0,0.68159,0.51359
1,0.07095,0.18408
0,0.05066,1.02177
1,1.57871,-0.35163
1,1.99049,0.36543
0,-0.65980,0.82105
0,0.55643,0.83021
1,0.74718,-0.43492
1,-0.01510,0.26486
1,0.66721,-0.44396
0,0.35001,0.90190
0,-0.70621,0.73622
1,-0.01778,0.35921
0,0.25170,0.99056
0,-0.21990,0.96433
0,-0.48562,0.86113
1,0.35039,-0.22014
1,1.50930,-0.42409
0,-0.23746,0.99461
1,1.79342,0.07110
1,0.31467,-0.30558
0,0.76403,0.54698
0,-0.69222,0.68238
0,-1.04342,-0.00906
1,0.15394,-0.02935
0,0.90718,0.38220
0,-0.89127,0.44097
0,0.80098,0.62185
1,1.61981,-0.18027
0,0.56699,0.79067
1,0.51886,-0.29918
0,0.91518,0.45479
1,1.98125,0.40622
1,-0.03616,0.16871
0,0.92626,0.02250
0,0.93938,0.20357
1,1.98076,0.33449
0,0.05025,1.00187
1,1.32813,-0.37723
1,0.71419,-0.52206
1,0.46583,-0.31095
0,0.14878,1.07042
0,-1.05432,0.06322
0,0.49457,0.81770
0,0.89214,0.54053
1,1.08940,-0.47515
1,0.73586,-0.49777
0,-0.51108,0.88724
1,0.67376,-0.37741
0,-0.16276,0.97729
1,1.85025,-0.04186
1,0.95348,-0.50087
0,-0.81790,0.59602
0,-0.78948,0.46125
1,1.99507,0.20257
0,0.75992,0.64178
0,-0.35531,0.88874
0,-0.87908,0.48315
1,1.16346,-0.52288
0,-0.91206,0.64343
1,1.85403,0.15302
0,-0.86991,0.49107
0,0.91366,0.35142
0,-0.58066,0.89700
1,0.29588,-0.07911
0,0.89900,-0.04292
1,1.62736,-0.24673
1,1.58930,-0.32866
1,0.41015,-0.22670
0,0.04339,1.03493
0,-0.87650,0.61733
0,0.37423,0.89626
0,-0.22162,1.02189
0,0.81315,0.58480
0,-0.14056,1.02577
1,-0.08857,0.45098
1,1.99018,0.41291
1,1.13202,-0.49320
1,0.49002,-0.36548
0,-0.35188,0.97411
1,0.42264,-0.24774
1,1.21769,-0.39460
1,1.72840,-0.24148
0,0.90008,0.30762
0,-0.62139,0.78247
0,0.85934,0.50059
0,-0.47711,0.90090
0,-0.83012,0.54184
1,0.01106,0.29989
0,-0.95445,0.22556
0,0.08077,1.00879
0,1.03178,0.19338
0,-1.06244,0.06713
0,-0.26690,0.94251
0,-0.63750,0.70388
1,1.13448,-0.49610
0,0.03019,1.00055
1,1.99168,0.03827
1,0.05853,0.24879
0,0.11339,0.99084
0,0.99354,0.28637
1,1.18352,-0.52473
1,2.03242,0.46921
0,0.75948,0.65840
1,1.80203,0.08789
1,0.16551,0.04225
0,0.30070,0.91780
0,-0.59132,0.80731
1,0.05532,0.13681
1,1.77253,-0.22514
1,0.02321,0.30684
1,1.63980,-0.32893
0,0.41809,0.88695
0,-0.18319,0.97760
1,1.80197,0.06643
1,0.45379,-0.31707
1,1.82633,-0.05709
0,-0.76080,0.50859
0,0.77754,0.59367
1,1.79854,-0.22580
0,0.68381,0.67462
0,0.97265,0.08917
1,1.97039,0.10619
0,0.26874,0.85961
1,0.79015,-0.53864
1,0.63274,-0.51530
0,0.60817,0.80478
0,0.38926,0.98043
0,-0.83373,0.44589
1,1.62100,-0.25844
1,0.72153,-0.48573
1,0.13843,-0.00193
0,-0.60634,0.84077
1,1.43155,-0.32274
1,0.00299,0.32909
1,2.00403,0.40668
0,-0.21481,0.97601
0,-0.97894,0.30094
0,-0.67559,0.72068
1,1.59413,-0.35273
0,-0.19316,1.01513
0,0.39456,0.94090
0,-0.18488,0.97676
0,0.99890,0.11299
1,0.31309,-0.18660
0,-0.80798,0.58402
1,1.68801,-0.15156
1,1.96312,0.18175
0,-0.49772,0.87857
0,-0.07973,0.96333
1,1.84432,0.07869
0,-0.58865,0.78937
1,1.98000,0.08935
0,-0.40765,0.88331
1,1.87555,0.10315
0,-0.16477,0.95798
0,0.85303,0.51351
0,-0.07917,1.00794
0,-0.44742,0.85772
0,0.49535,0.84139
1,0.42645,-0.43689
1,0.99138,-0.55455
0,-0.25488,0.98316
1,0.20344,-0.10360
1,1.83776,-0.08244
1,0.28191,-0.23916
0,1.02382,0.17931
1,0.93508,-0.44509
1,1.09075,-0.41680
0,-0.89991,0.25191
1,0.03943,0.09537
0,0.33007,0.93394
0,-0.97318,0.12738
0,-1.04367,0.09763
0,0.92455,0.36339
1,0.06332,0.32968
1,0.00273,0.29662
1,1.50161,-0.31011
1,-0.04935,0.32015
1,1.88213,0.39188
0,-0.58800,0.83958
1,0.10931,-0.02686
1,1.06034,-0.54414
0,-0.66135,0.80233
0,0.69548,0.68233
0,0.93670,0.00538
1,1.83073,-0.09817
1,0.25902,-0.07739
0,0.66298,0.77849
0,1.02919,0.42165
0,-0.23503,1.02501
0,0.75559,0.74420
1,1.75771,-0.23837
0,0.42716,0.88990
0,-0.43985,0.80608
1,1.99010,0.41677
0,1.04342,0.05994
1,-0.01101,0.07840
0,0.27061,0.93754
0,0.18639,1.00635
0,-1.01198,0.07685
1,1.21625,-0.42048
0,0.85730,0.39910
1,0.38057,-0.25574
1,0.06647,0.50461
0,0.96286,0.11477
0,1.03031,0.10790
1,1.99634,0.45957
0,0.23782,0.98295
1,1.79293,-0.09383
1,1.01634,-0.46620
1,1.85527,0.01306
1,1.56231,-0.37768
0,0.48767,0.90168
1,0.33572,-0.15520
1,0.89568,-0.48788
1,0.40829,-0.22651
1,1.42245,-0.40155
0,-0.15006,0.91959
1,1.53064,-0.31188
0,-0.64745,0.75082
1,0.28116,-0.17708
0,0.65877,0.77707
1,0.48402,-0.35369
1,0.39364,-0.30479
1,0.63648,-0.45547
1,1.57846,-0.34306
0,-1.06181,0.07599
0,-0.85555,0.45173
0,-0.94352,0.13078
0,-0.80901,0.66930
0,-1.00163,0.07328
1,1.72450,-0.11898
0,-0.22142,0.89071
1,1.90983,0.09614
0,0.92735,0.40164
1,1.83570,0.14414
0,0.01509,1.09783
0,-0.20334,0.86787
1,0.03775,0.43017
1,1.78877,-0.07512
0,0.20905,0.99677
1,-0.05065,0.41102
1,0.95933,-0.49816
1,0.53343,-0.48951
1,1.05870,-0.54225
1,1.63101,-0.18985
1,0.19558,-0.21650
0,0.97555,0.14797
1,0.55972,-0.35651
0,1.04481,0.18960
1,0.37556,-0.32965
0,-0.73306,0.77612
1,0.18433,0.07763
1,0.42548,-0.28140
0,0.78031,0.71086
1,0.05356,0.32838
0,-0.89416,0.14311
1,0.06057,0.10582
0,-0.98390,0.09208
0,0.84599,0.51314
0,-0.98914,0.10651
0,-0.49220,0.77977
0,-0.81817,0.56342
0,0.57830,0.83095
0,0.90939,0.02419
0,-0.88984,0.29013
1,1.70360,-0.17292
1,1.93204,0.11824
1,0.05302,0.36554
0,-1.07497,-0.03149
1,1.87643,-0.04248
1,0.68604,-0.41633
0,-0.73438,0.68096
1,0.13005,0.25054
1,1.04858,-0.47572
1,0.51660,-0.47702
1,0.79425,-0.38015
1,1.51443,-0.26018
1,0.76113,-0.45945
0,0.22407,0.94935
1,2.03219,0.19645
1,0.90124,-0.52816
0,0.14451,0.97673
1,1.26750,-0.44998
0,0.77859,0.61207
1,0.99699,-0.49636
1,0.50720,-0.35962
0,-1.00740,0.07597
0,-0.60496,0.88469
1,0.23095,-0.12339
0,-0.74850,0.66024
1,2.01421,0.18995
1,0.06538,-0.15852
0,-0.96801,0.45811
0,-0.11302,1.00827
0,0.69069,0.65511
1,0.07298,0.23547
0,0.29199,0.95048
1,0.03206,0.37173
1,0.92236,-0.53577
1,1.92355,0.30256
1,0.04568,0.42685
1,1.22587,-0.43416
1,1.26083,-0.49123
0,0.00037,0.98876
1,1.85360,-0.18109
1,1.93590,0.31839
1,0.12899,0.08681
1,-0.03685,0.46294
1,-0.00274,0.52671
0,0.64782,0.73738
0,0.14834,0.98136
1,0.74137,-0.46748
1,-0.03414,0.33044
1,1.88975,0.01027
1,1.16610,-0.53682
0,-1.01141,0.06499
1,1.95323,0.44392
1,1.09955,-0.51376
1,0.30181,-0.23849
1,1.79750,-0.19494
1,0.04663,0.50071
1,2.00152,0.26450
1,1.93340,0.28123
1,1.53324,-0.35541
1,1.85301,0.02417
0,0.17684,1.01290
1,1.40746,-0.47072
1,0.01120,0.49709
1,1.93582,0.08670
0,-0.55984,0.92430
0,-0.90012,0.40899
1,1.91619,0.27502
0,0.90446,0.50340
1,0.50694,-0.33946
0,-1.05922,0.23091
0,-0.93103,0.25072
1,0.36573,-0.33682
0,-0.40488,0.86078
0,-0.97012,0.21780
0,-0.57742,0.86259
1,1.86460,0.17286
1,1.92683,0.19199
0,0.81710,0.59451
0,-0.68435,0.74188
0,-0.03758,0.94653
1,1.74658,-0.09528
0,-0.59998,0.86414
0,-0.24307,0.98993
1,0.72204,-0.49505
0,0.95139,0.12178
1,1.85790,0.02070
0,-0.96254,0.29434
0,-0.43194,0.88132
0,-0.67012,0.74968
0,0.91831,0.36361
1,1.86647,-0.00406
1,1.22576,-0.44060
1,1.91368,0.33727
0,-0.22362,0.95317
1,0.72791,-0.50240
1,0.95400,-0.50679
0,1.04155,0.11706
1,1.97730,0.44413
0,0.72773,0.75880
1,1.59371,-0.29456
0,0.57667,0.78141
1,0.03802,0.40733
0,-0.26826,1.01063
0,-0.79771,0.57402
1,1.74978,-0.20584
0,0.61118,0.69295
1,1.99433,0.47272
1,0.69959,-0.47659
0,0.62963,0.83002
1,0.51424,-0.48922
0,0.69078,0.81036
1,0.74548,-0.45813
0,-0.16335,0.98104
0,-0.95515,0.23130
0,-0.95358,0.12767
0,0.27318,0.94688
1,1.03928,-0.60755
0,0.50872,0.83599
0,0.17144,0.97736
0,0.38913,0.91385
1,0.12537,0.09751
0,-0.79160,0.61097
0,-0.95046,0.08761
0,0.59961,0.92061
1,1.24767,-0.47548
1,0.22476,-0.27024
1,0.19685,-0.19829
1,0.46736,-0.36570
0,0.92583,0.13857
1,1.45489,-0.39666
1,0.91718,-0.53621
0,-0.04858,0.98017
0,0.95669,0.09444
0,-0.53877,0.78601
1,1.00327,-0.55886
0,0.03331,1.06906
1,1.28862,-0.53136
1,0.00184,0.36695
0,0.99423,0.20766
1,0.39715,-0.34296
1,1.75937,-0.12479
1,1.94637,0.26301
0,1.02092,0.18925
1,0.00240,0.08763
1,0.76394,-0.48788
1,1.86914,0.23332
1,1.62610,-0.35520
0,0.31855,1.00755
1,0.44306,-0.38957
1,0.06307,-0.01399
0,-1.08372,0.08311
0,0.72876,0.60918
0,0.49915,0.89365
0,-0.87187,0.57886
0,-0.02730,1.03888
1,1.12127,-0.46711
1,1.51589,-0.28829
1,0.23138,-0.10267
0,-0.07387,0.98631
1,2.03136,0.24632
0,-0.50948,0.87838
0,-0.99652,0.29209
0,0.24464,0.94836
1,1.81862,0.00899
0,-0.87475,0.48264
1,0.44783,-0.37923
0,0.40869,0.94661
1,1.20639,-0.50115
0,0.67284,0.73320
0,-0.78515,0.49074
1,0.59988,-0.50910
0,-0.94667,0.30331
0,-0.25743,0.96783
0,-0.63518,0.86288
0,-0.90100,0.50798
0,-1.06050,0.01169
1,0.91842,-0.45848
0,0.08065,1.00884
1,1.33265,-0.43914
0,0.92060,0.40538
0,0.92236,0.06353
0,0.20307,0.96310
1,1.99712,0.34729
1,0.64826,-0.45392
1,1.90414,0.15150
0,0.11581,0.98857
1,-0.13693,0.40766
1,1.68250,-0.21940
0,-0.91072,0.21540
1,0.36341,-0.18245
0,-0.68961,0.77636
0,-0.84812,0.45368
1,0.52399,-0.43261
1,0.30231,-0.14859
0,-0.61097,0.76168
0,-1.02853,0.34721
1,1.54216,-0.22006
1,1.53321,-0.34089
0,-0.58184,0.85208
0,0.89970,0.42627
1,1.41689,-0.44181
0,0.99738,0.24218
0,-0.83039,0.65411
1,-0.00113,0.21359
0,-1.02003,0.13238
1,1.00897,-0.48829
0,0.95290,0.20048
1,1.93020,0.30504
0,0.25293,0.98716
0,0.85629,0.50384
1,0.60871,-0.45393
1,0.12091,-0.04202
0,-1.09023,0.01508
1,0.59260,-0.41603
1,1.22002,-0.37004
0,-0.91154,0.24263
1,1.82968,-0.04570
0,0.62114,0.81457
0,0.84566,0.44529
1,1.89609,0.15232
0,0.37277,0.97468
0,0.92977,0.33856
1,1.72230,-0.20754
1,0.03450,0.07674
0,0.05176,0.98007
1,0.45602,-0.37322
0,0.37859,0.93281
0,-0.38905,0.83168
0,-0.55699,0.90747
1,1.00841,-0.52157
0,-0.78966,0.68696
1,0.05520,0.21698
0,0.70461,0.69532
1,1.82723,-0.09449
0,-0.94102,0.45645
0,-0.58795,0.74398
1,1.58635,-0.22813
1,1.65604,-0.25540
1,1.86617,0.18483
0,-0.79296,0.66250
1,1.39678,-0.44716
0,0.95773,0.15139
1,1.07664,-0.51996
0,0.00137,0.93734
0,-0.33031,0.90775
1,2.01560,0.18748
1,0.30657,-0.20813
0,-0.97197,-0.06794
1,1.66281,-0.27713
1,0.13067,-0.03361
0,0.74060,0.63148
0,0.92545,0.27077
1,1.78473,-0.16440
1,1.74474,-0.20170
0,0.81969,0.57229
1,1.79265,-0.15637
0,-0.29231,1.00068
1,0.16092,-0.13323
0,0.96560,0.27139
0,0.10452,0.95279
0,0.23577,1.00381
1,0.87311,-0.53134
1,1.17148,-0.52122
1,1.78086,-0.00779
0,0.92288,0.30311
0,0.96756,0.08479
1,0.01573,0.32505
1,1.21904,-0.53947
0,-0.08297,0.95854
1,1.32688,-0.37871
1,0.14643,0.05818
0,-0.93681,0.19305
0,0.76042,0.77413
1,1.42762,-0.32783
1,1.97334,0.45496
0,0.44266,0.85594
0,-0.40129,0.96074
1,1.26521,-0.57111
0,0.68880,0.69936
1,0.09715,0.10615
1,0.77704,-0.51100
0,0.90881,0.29372
1,0.43221,-0.35201
1,0.04536,0.07436
0,-0.71087,0.62807
1,0.19682,-0.13912
0,0.44098,0.94058
1,1.87019,-0.06856
1,1.22871,-0.43965
1,0.10021,0.24414
0,-0.65377,0.81090
0,0.42183,0.93096
1,0.37993,-0.23732
1,0.05069,0.22937
1,1.53587,-0.38916
0,-0.96681,0.36443
1,1.77769,-0.27055
0,0.38609,0.90462
1,1.36102,-0.38838
0,-0.08794,1.00864
1,0.22469,-0.15313
1,1.23606,-0.48078
1,1.82191,0.01972
0,0.87763,0.55590
0,-0.55490,0.83181
1,0.17386,0.08642
0,0.46489,0.86130
1,1.93542,-0.02693
1,0.46487,-0.43372
0,-0.91725,0.27888
0,-0.51766,0.84475
0,-0.13434,1.06767
0,0.72211,0.69871
1,-0.03227,0.31906
0,-0.54052,0.92090
1,1.37154,-0.40972
0,0.76622,0.65357
0,-0.97314,0.39059
1,1.44373,-0.30326
1,0.45985,-0.39012
0,0.28131,0.93818
0,-0.97441,0.49515
0,-0.76526,0.64525
0,0.96412,0.25768
1,1.14880,-0.39793
1,1.20803,-0.52906
1,0.19640,-0.23887
1,1.39546,-0.33378
1,0.61430,-0.44909
0,-0.89660,0.34549
1,0.32300,-0.21948
1,1.96178,0.34262
0,-0.29189,0.98409
1,1.56472,-0.42640
1,0.85137,-0.59128
0,-0.78608,0.59703
0,-0.06014,0.93095
0,-0.33045,0.97105
0,-0.02420,1.05870
0,0.86653,0.38786
0,-0.87331,0.64763
1,1.48661,-0.32664
1,1.03802,-0.48572
0,0.51377,0.98300
0,0.73214,0.67587
0,-0.93808,0.30826
0,0.26009,0.94186
0,-0.69098,0.69903
0,1.05347,0.30792
0,0.01340,1.02114
1,1.92704,0.20585
1,1.82252,-0.10953
0,-0.80879,0.55600
1,0.67711,-0.39777
1,0.34221,-0.27536
1,1.44035,-0.35620
1,1.92228,0.22072
1,0.73726,-0.43886
1,-0.01790,0.38194
0,0.19717,1.02987
0,-0.37564,0.91125
1,0.27464,-0.30844
1,1.41899,-0.42011
1,1.21060,-0.51795
0,0.87562,0.47974
1,0.80965,-0.43942
1,0.95973,-0.41936
1,0.47855,-0.29057
0,0.24385,0.95866
0,0.89316,0.46639
0,0.41528,0.80959
1,0.47580,-0.34706
0,0.32582,0.99681
0,0.90729,0.24428
1,0.33096,-0.29482
0,0.75230,0.61293
0,-0.08428,0.97154
0,0.42161,0.95753
0,0.96324,0.32910
1,0.01864,0.25690
0,-0.94674,0.08319
0,0.87427,0.44380
1,0.20664,-0.05167
1,1.72909,-0.28545
1,1.00027,-0.49927
1,2.07729,0.50129
0,0.64315,0.73030
0,0.76197,0.61513
1,1.81078,-0.17842
0,0.49697,0.84585
0,0.88783,0.45900
0,-0.31408,0.93228
1,1.91458,0.57835
0,0.52262,0.87634
1,0.08511,0.16637
1,1.71630,-0.17347
0,0.74398,0.63592
0,0.73821,0.65739
0,0.85415,0.50133
1,1.99941,0.59597
0,0.37078,1.02364
0,-1.01301,0.05975
1,1.98401,0.18398
0,-0.62350,0.89785
1,1.64176,-0.25094
1,1.91003,0.18129
0,0.50107,0.83517
0,-0.50267,0.93351
1,0.04604,0.40614
0,0.72628,0.85705
1,0.01028,0.36782
1,1.90524,0.37637
0,-0.13942,0.97871
1,0.08989,0.06033
1,0.26697,-0.18653
0,0.93726,0.26644
1,0.89072,-0.52189
1,2.03158,0.29532
0,-0.39261,0.81450
0,-0.60840,0.88505
0,0.96133,0.03623
0,-0.93273,0.46282
0,0.74284,0.75518
0,0.97428,0.16725
1,0.10608,0.00677
0,-0.95988,0.26330
0,0.19985,1.05547
0,-0.61793,0.87770
1,0.39615,-0.30652
1,0.90209,-0.50462
0,-0.83678,0.57219
0,0.57758,0.73640
0,0.80445,0.54395
0,0.67157,0.81825
0,-0.91198,0.24949
1,1.90404,-0.02474
1,0.27462,-0.14060
0,0.44059,0.91500
0,0.48085,0.85806
1,2.00711,0.48007
0,-0.90017,0.31513
1,1.80691,-0.11046
0,0.80616,0.48461
0,0.33570,0.89688
0,0.73743,0.57902
0,1.07184,0.00944
1,1.73790,-0.27136
1,0.01635,0.27863
0,1.00716,0.14345
1,1.11832,-0.46540
1,1.48578,-0.41271
0,-0.90052,0.41196
1,1.62524,-0.29890
1,1.58109,-0.28253
0,0.61691,0.83134
1,1.91931,0.19556
1,1.57512,-0.27340
1,2.04143,0.33313
1,1.92186,0.19805
1,0.24443,-0.23702
0,-0.00937,0.99105
0,0.94883,0.21422
0,-0.11512,1.01039
1,0.09412,0.17827
0,-0.15591,1.11449
0,0.84112,0.56621
0,0.95166,0.38458
0,0.84827,0.30390
0,0.61187,0.84080
1,0.05557,0.10746
1,-0.01566,0.23577
0,-0.41666,0.86179
0,-0.78988,0.70899
1,1.56949,-0.38511
1,0.71642,-0.54648
0,-0.36586,0.98621
1,1.44253,-0.40422
1,1.40532,-0.43765
0,0.27182,0.88220
0,-0.33567,0.93749
1,1.98982,0.36855
0,0.61363,0.82674
1,1.82663,-0.17585
1,0.10899,0.06496
0,0.54590,0.90767
1,1.98631,0.43011
1,1.88730,0.26727
1,-0.00108,0.50182
0,1.02187,0.13758
0,-0.71085,0.77317
1,0.89318,-0.57603
0,-0.80002,0.65141
0,0.07298,0.93713
1,2.01301,0.44223
1,1.35914,-0.38166
1,1.99027,0.45560
1,1.39151,-0.44243
0,0.23844,1.01919
0,0.44090,0.84274
0,-0.47967,0.88731
0,0.43459,0.91594
0,0.17896,0.95681
1,0.66450,-0.37376
1,-0.00826,0.34284
1,1.98789,0.15423
1,0.89220,-0.49374
1,0.04565,0.04701
1,2.00235,0.28111
0,-0.73305,0.67805
0,0.88886,0.38897
0,0.08477,1.02629
1,0.15121,-0.12412
0,-0.62502,0.78596
1,0.12486,0.05951
1,1.55453,-0.32232
0,-0.92934,0.33718
1,0.05879,0.26071
0,-0.96205,0.12813
1,0.00661,0.38154
1,1.73090,-0.19727
0,0.27713,0.96778
1,2.09531,0.32218
1,1.45221,-0.34587
1,0.19409,-0.06070
1,1.94212,0.01319
1,0.25989,-0.20236
1,1.58396,-0.20863
0,1.03022,0.04689
1,0.40225,-0.30935
0,-0.79613,0.69868
0,0.26289,0.97455
0,0.69832,0.72839
1,0.28164,-0.23216
1,1.10647,-0.52276
1,0.03303,0.39080
0,-0.47547,0.87965
1,1.94544,0.34818
1,1.03254,-0.52272
1,0.60875,-0.41041
1,0.05238,0.11854
0,-0.82466,0.34706
0,-0.34622,0.94401
1,0.68709,-0.48838
1,1.41649,-0.49098
0,-0.41231,0.95470
0,-0.90057,0.31819
0,-0.93063,0.47002
1,0.19242,-0.17154
1,0.25925,-0.15822
0,-0.57345,0.73898
1,1.81307,-0.08246
1,1.18893,-0.44467
0,-0.79919,0.83939
1,2.05163,0.32455
0,0.54642,0.82964
1,1.32653,-0.46464
1,1.72698,-0.01393
1,0.13878,-0.02841
1,1.56668,-0.33869
0,-0.36096,0.95065
1,1.71862,-0.18288
0,0.91322,0.36084
1,0.03794,0.43354
1,0.08337,0.23946
0,-0.83161,0.49073
0,-0.82480,0.59225
0,-0.28909,1.04082
1,1.93124,0.42889
1,0.20915,-0.16966
1,1.52118,-0.37225
0,0.15779,1.04599
0,0.90780,0.24519
1,0.36033,-0.22280
1,1.26591,-0.49271
0,-0.68907,0.68867
0,0.43176,0.92155
1,1.79227,-0.11256
1,1.41089,-0.36859
0,-0.91050,0.48718
0,-0.87777,0.47631
1,0.32717,-0.17185
1,1.94715,-0.02065
0,-1.01470,0.18555
1,0.47967,-0.36999
1,1.66935,-0.22091
1,1.84986,0.09288
1,0.37168,-0.25930
1,0.92958,-0.51910
1,1.69676,-0.28371
0,-0.29757,0.89504
0,0.98847,0.34192
0,-0.86641,0.48033
0,-0.99219,-0.02469
1,0.01991,0.29889
1,0.63106,-0.40903
1,1.94719,0.08462
0,0.19370,1.05109
1,-0.04636,0.38111
1,0.65310,-0.48684
1,0.27563,-0.10228
0,-0.21275,0.99433
1,0.67379,-0.33551
1,0.82686,-0.59365
1,0.67943,-0.46466
1,0.26879,-0.13946
0,-0.03806,1.09126
0,-0.58464,0.85106
0,0.44916,0.88742
0,-1.04274,0.13150
1,0.27797,-0.17979
1,1.29585,-0.49252
0,0.33042,0.98346
0,0.20189,0.92493
1,0.78441,-0.55133
1,1.60523,-0.23181
1,0.18641,0.02751
0,0.87257,0.55650
0,-0.52989,0.80657
0,-0.93042,0.49341
0,0.22611,0.93125
1,0.99137,-0.51428
1,0.12512,0.03651
1,1.63785,-0.14083
0,-0.63288,0.80072
0,0.57696,0.75620
1,1.06084,-0.42136
1,0.03414,0.09138
1,1.08524,-0.57248
0,-0.41484,0.90734
0,-0.64542,0.80241
0,0.03006,1.03708
1,0.04973,0.17868
1,-0.03732,0.10777
0,-0.55561,0.74180
1,0.99485,-0.51989
0,0.94892,-0.02350
1,0.77686,-0.42145
1,0.04752,-0.02507
0,-0.92807,0.21466
1,0.08910,0.02482
1,1.50832,-0.25511
1,1.22927,-0.53526
1,0.29428,-0.16153
1,1.34348,-0.48477
0,0.52737,0.88366
0,0.98146,0.28793
1,0.62424,-0.42156
0,0.81932,0.61976
1,0.09306,-0.01158
0,-0.92436,0.42364
0,0.66445,0.73359
1,1.96067,0.37818
1,1.41183,-0.42731
1,1.76783,-0.09104
1,1.05146,-0.52687
1,1.60140,-0.36408
1,0.19170,-0.20051
0,0.43080,0.93605
0,0.62737,0.73431
0,-0.63399,0.65140
0,0.96214,0.15312
0,-0.82117,0.49168
1,1.32689,-0.34776
1,0.84221,-0.54417
1,1.91563,-0.07453
0,-0.48794,0.87599
1,1.19330,-0.41182
1,1.75872,-0.05823
0,1.09726,0.05825
0,0.92138,0.35787
0,-0.86768,0.44210
0,0.36552,0.92734
0,0.61047,0.75587
0,-0.56473,0.78622
1,0.10035,0.34810
1,1.70830,-0.31769
1,2.02996,0.55446
0,0.41252,0.97379
1,1.67710,-0.10984
1,1.48234,-0.33857
1,0.33461,-0.31825
0,0.73572,0.61887
1,0.67892,-0.54147
1,0.35337,-0.25577
0,0.49242,0.82090
1,0.81059,-0.42934
1,1.57105,-0.25916
0,-0.33125,0.95685
1,0.92629,-0.39958
1,2.01584,0.31714
0,0.20550,0.94685
0,1.00225,0.27540
0,-0.94573,0.06885
1,0.53314,-0.43981
0,0.70551,0.74444
0,-0.41378,0.90313
0,0.97833,0.31249
1,2.02633,0.40116
1,1.21167,-0.43804
1,1.56234,-0.29021
0,-0.21494,1.02078
0,0.83590,0.36728
1,0.36343,-0.29353
1,-0.00414,0.44597
1,1.67839,-0.31661
1,1.32304,-0.44484
1,1.54217,-0.39225
0,-0.82367,0.43749
0,-0.64616,0.85877
0,0.90845,0.41278
1,-0.00439,0.49147
1,1.39918,-0.45438
0,0.92880,0.03718
0,-0.08377,1.05595
0,-0.94552,0.39787
0,-1.03575,0.09464
0,-0.44048,0.90153
1,1.73432,-0.14791
0,-1.01166,0.26253
1,1.44313,-0.36509
1,1.95507,-0.03453
0,0.26489,0.92083
1,2.03226,0.36660
0,0.46416,1.02608
1,0.70570,-0.43166
0,0.87637,0.39035
0,0.38681,0.87884
0,0.50925,0.84997
1,1.77275,-0.11234
0,-0.42408,1.04358
1,1.29144,-0.50283
0,0.64430,0.83723
1,1.60479,-0.16359
1,1.93064,0.30357
1,-0.05104,0.12414
0,0.35832,0.95573
1,0.90545,-0.58200
0,0.15617,0.98757
1,1.00715,-0.46609
1,0.25332,-0.16728
0,-0.04190,1.00479
0,-0.11133,1.03600
1,-0.00691,0.49088
0,-0.90874,0.30637
1,1.27194,-0.44932
0,-0.25345,0.92709
1,1.83582,-0.07619
1,0.47553,-0.36665
1,1.38208,-0.43360
1,0.13067,0.12631
0,-1.05418,0.17894
0,0.87847,0.57287
0,0.40393,0.83155
0,1.03152,0.12893
1,0.18734,0.07843
1,1.92276,0.13913
1,2.02259,0.32969
1,1.02248,-0.45330
1,1.71811,-0.18150
0,0.18097,1.06290
0,-0.91062,0.39301
1,1.91284,-0.08621
1,1.30873,-0.52541
1,1.83698,-0.04703
1,1.14128,-0.48343
0,0.19776,0.89809
1,0.41014,-0.29839
1,0.71639,-0.50039
0,-0.76658,0.63345
0,-0.83497,0.36503
1,1.86337,-0.00338
0,-0.89399,0.55505
1,0.24283,-0.13820
1,0.83538,-0.41438
1,0.02106,0.49405
0,-0.32620,0.97969
1,0.43063,-0.28890
0,-1.00895,0.10870
0,0.47237,0.89563
1,1.47080,-0.33836
1,-0.04311,0.29297
1,0.15228,0.02986
0,0.09068,1.00195
1,0.20006,-0.26952
1,0.03929,0.01992
1,1.99406,0.10038
1,1.17083,-0.52121
0,-0.46696,0.92556
0,-0.22243,0.94632
0,-0.49066,0.88971
0,-0.23672,0.87671
0,-0.89886,0.35029
1,1.89442,0.16594
1,1.17273,-0.53051
1,0.51442,-0.45145
1,0.30940,-0.30201
1,0.48575,-0.24241
0,0.03707,1.10307
1,0.92128,-0.41673
0,-0.84978,0.55764
0,0.53740,0.78263
0,-0.99757,0.21723
0,-0.70945,0.77805
0,-0.60984,0.72182
0,-0.86753,0.51560
0,-0.88821,0.15516
1,0.05377,0.04666
1,0.51212,-0.38046
1,-0.08531,0.36733
1,1.32062,-0.44778
0,0.24553,0.94861
0,-0.19072,1.02293
0,0.92921,0.44614
0,0.90878,0.45970
1,0.03298,0.12059
0,-0.69508,0.69495
1,0.05495,0.21132
0,-0.93988,0.46295
0,-1.01519,0.06766
1,1.47952,-0.35920
1,0.52604,-0.33077
1,0.21589,-0.10461
1,0.22381,-0.13884
0,-0.35045,0.97885
1,1.23991,-0.49730
0,-0.30030,0.83798
0,0.87968,0.51123
0,0.95255,0.31609
1,0.07314,0.36988
1,1.30084,-0.46349
0,-0.30945,0.91788
1,1.50121,-0.34522
1,1.28683,-0.49453
0,0.54164,0.84576
0,0.04745,0.97008
0,-0.05610,0.99450
1,1.94844,0.16978
1,0.80220,-0.51637
1,1.68127,-0.24233
0,1.02746,0.39279
0,-0.76601,0.54294
0,0.19964,1.03611
1,0.03069,0.16280
0,1.02259,0.18834
0,-0.89483,0.27870
1,1.75610,-0.18916
0,-1.04374,0.10167
0,-0.55865,0.73229
1,0.88730,-0.43242
1,1.28191,-0.51268
1,1.97653,0.33359
1,0.58955,-0.41499
1,1.94608,0.21789
1,1.43681,-0.38096
1,0.45322,-0.36141
0,-0.65638,0.72486
0,-0.98372,0.40310
0,-0.06226,0.97213
1,1.99449,0.32967
1,0.68743,-0.35383
0,0.92179,0.22707
0,-0.02598,1.02717
0,0.00960,1.00736
0,0.41520,0.93013
0,0.78701,0.58144
1,0.44332,-0.27635
0,0.92329,0.42883
1,0.52828,-0.30433
1,-0.02564,0.25696
1,0.05433,-0.03896
0,-0.82901,0.58452
0,-0.08711,0.97237
1,1.89183,-0.07527
1,1.26897,-0.49060
0,0.84186,0.41568
0,-0.78133,0.63053
0,0.84654,0.48856
1,0.64746,-0.45627
1,0.65306,-0.43559
1,1.66728,-0.18594
1,0.62233,-0.36792
1,1.91929,0.04050
0,0.87516,0.34175
0,0.78365,0.48836
0,0.97695,0.43187
1,0.96089,-0.40875
1,1.92899,0.01840
1,0.33787,-0.22959
0,-0.93542,0.31120
0,0.78840,0.63460
0,0.68606,0.77696
1,1.97340,0.43758
0,0.96184,0.14315
0,-0.65861,0.64566
0,0.74668,0.76604
0,-0.46042,0.90419
0,0.94753,0.06845
1,-0.00755,0.30129
1,2.00903,0.30088
1,-0.03008,0.19655
0,-0.90043,0.40178
0,0.50316,0.91295
1,0.08613,0.23376
1,0.86675,-0.50678
0,0.76792,0.56884
0,0.25834,1.00585
1,1.65531,-0.23869
1,0.82688,-0.55746
1,1.93280,0.40515
0,-0.89110,0.36647
0,-0.61788,0.59822
0,-1.08504,0.22054
0,0.72800,0.80399
0,0.86169,0.20955
1,0.77433,-0.41842
0,-0.79966,0.55598
0,-0.11488,1.04655
1,1.29203,-0.45368
1,1.19772,-0.56414
0,-1.05052,0.04066
1,1.89213,0.02511
1,1.83704,-0.02200
1,1.89120,-0.03499
0,-0.78870,0.45137
0,-0.49249,0.86579
1,0.31620,-0.21213
1,1.25180,-0.49182
1,1.83212,-0.05433
1,2.01146,0.32737
0,-0.40892,0.85508
1,1.52000,-0.31404
1,1.48549,-0.36673
1,0.79319,-0.44556
1,1.62550,-0.35474
1,0.13475,0.03968
0,0.79306,0.62489
1,1.43896,-0.45665
1,0.08264,0.37383
1,1.93541,-0.03450
1,1.95564,0.09153
0,-0.65092,0.70787
1,2.05424,0.41110
0,-0.59661,0.86623
1,0.00682,0.54136
1,2.01777,0.22844
1,1.75416,-0.22433
0,0.84154,0.67531
1,-0.00372,0.48269
0,-0.97784,0.14346
0,0.99253,0.20381
0,0.97248,0.11469
1,0.67946,-0.51461
0,0.73092,0.60497
0,-0.83824,0.60741
0,-0.70358,0.79793
1,0.03165,0.16894
1,0.53328,-0.41201
0,0.92881,0.30275
0,0.90063,0.55150
1,1.95588,0.29634
0,0.79870,0.55276
1,0.87839,-0.51943
1,1.26127,-0.49116
0,0.64747,0.70466
0,1.04517,0.11080
0,-0.33726,1.09046
1,1.71910,-0.08806
1,1.53098,-0.25364
0,-0.07070,0.98417
0,0.55144,0.74198
0,0.05544,0.93670
1,0.49959,-0.31975
0,0.94803,0.43794
1,1.95043,0.46271
1,1.01204,-0.55462
1,0.28336,-0.23312
0,-0.88631,0.22683
0,-0.53220,0.87778
1,1.36836,-0.48450
1,0.87289,-0.42546
1,0.16189,0.08384
0,-0.88655,0.43006
0,-1.01296,0.14403
1,0.97490,-0.54069
0,1.01923,0.02135
1,0.09259,0.07752
0,0.91369,0.38386
0,-0.99910,0.32477
1,0.14255,-0.02224
1,1.13087,-0.48413
0,-0.56037,0.79129
0,-0.89454,0.46281
1,1.45655,-0.34061
0,-0.97423,0.37936
1,0.99465,-0.48622
0,-0.25074,0.95736
1,0.00737,0.42847
0,0.89246,0.41281
0,-0.79959,0.73768
1,0.35689,-0.35247
1,0.04860,0.43864
0,0.56996,0.81280
0,0.89197,0.63125
1,0.26431,-0.26756
0,0.20288,1.00189
1,0.80956,-0.43308
0,-0.37110,0.87925
1,-0.02656,0.43187
1,0.51441,-0.47109
0,0.65500,0.77651
1,0.37285,-0.36615
1,0.31997,-0.17926
0,0.92910,0.23163
1,1.02929,-0.46389
1,1.99664,0.02158
0,-0.38864,0.91529
1,0.44069,-0.32854
0,0.63679,0.74290
1,1.28736,-0.43141
0,0.04106,0.94063
0,0.14608,0.96730
1,0.24220,-0.10052
1,0.66888,-0.52610
1,1.93111,0.12894
1,0.29757,-0.06088
0,0.69500,0.80765
0,-0.91204,0.56412
1,0.10360,0.01700
1,0.24542,-0.02211
0,0.94872,0.09266
1,0.07426,0.13977
0,0.46323,0.81154
0,-0.80691,0.56257
0,1.04450,0.11636
0,-0.89486,0.40965
1,0.04382,0.28698
0,0.98611,0.26060
0,-0.80561,0.70426
1,0.05519,0.44530
1,1.95729,0.36803
1,0.10015,0.23972
1,0.08866,0.39771
0,-0.84469,0.58779
1,0.71449,-0.48703
0,-0.23134,0.88370
0,0.79667,0.67503
1,0.09425,0.04737
0,-0.64911,0.72630
0,-0.34571,0.93271
0,1.03254,0.35777
0,-0.64392,0.72648
0,-1.03214,0.24670
1,1.38729,-0.39915
0,1.03334,0.31048
0,0.37564,0.95310
0,0.90646,0.37295
1,1.56670,-0.21209
0,0.99987,-0.00783
1,0.62228,-0.36941
1,1.99561,0.18307
0,-0.24700,0.97157
0,0.34448,0.89999
1,1.10369,-0.52968
0,0.28853,0.97057
0,0.81926,0.61826
0,-0.91019,0.31017
0,0.48501,0.96200
0,-0.97370,0.06105
1,1.17988,-0.44017
1,1.39586,-0.31199
0,0.32122,0.95207
0,-0.82469,0.47058
1,0.41618,-0.43740
1,1.63827,-0.27166
0,0.73026,0.68461
1,1.34599,-0.43306
1,0.25260,-0.19453
1,0.08830,0.15896
1,0.95464,-0.51414
1,1.59138,-0.24815
0,0.82707,0.50488
1,1.42602,-0.43027
1,0.53631,-0.34464
0,-0.13876,1.00619
1,1.91633,0.11367
0,0.37598,0.95480
0,-0.95900,0.27843
0,-0.63272,0.78480
0,-0.71543,0.56212
0,-0.93608,0.11973
1,0.27893,-0.21730
1,1.48047,-0.36809
1,0.12797,-0.03120
1,1.98369,0.06416
1,0.19045,-0.12862
0,-0.85377,0.33326
0,-0.97563,0.14465
1,0.18685,0.04048
1,2.07358,0.29272
1,-0.00276,0.25162
0,-0.98109,0.00415
0,-0.71252,0.71155
0,0.50990,0.91444
0,0.83175,0.54705
0,0.93076,0.23573
0,-0.39116,0.96019
0,-0.92573,0.25127
1,1.28340,-0.49131
0,-0.26438,0.91993
0,0.31043,0.93532
0,0.89936,0.27833
1,0.09614,0.16426
0,0.13427,0.96578
0,-0.80562,0.64057
1,0.14769,0.03030
1,1.93820,0.17809
0,0.53831,0.81028
0,0.96927,0.13048
1,0.46574,-0.38640
0,0.73183,0.74759
0,-0.99859,0.32497
1,2.00908,0.39374
1,0.97023,-0.48366
1,0.07527,0.22397
1,1.45587,-0.32300
0,0.34143,1.00795
0,0.56232,0.90042
0,0.73734,0.74236
0,-0.73341,0.76817
1,1.05876,-0.56137
1,1.23350,-0.32368
1,1.85460,0.33549
1,0.00374,0.28664
1,2.02108,0.23267
0,0.84217,0.34825
0,-0.81905,0.49651
0,1.02894,0.11755
1,0.21941,-0.09471
0,-0.99902,0.34389
1,0.95022,-0.45998
0,-0.02646,1.08281
0,-0.49308,0.85426
0,0.91198,0.53795
0,0.66343,0.67620
0,-0.64203,0.74745
0,-0.18420,1.02055
0,-0.16232,1.02078
0,-0.44778,0.84221
0,-0.52202,0.90317
1,0.39656,-0.26263
1,0.53078,-0.30571
0,0.29651,1.00686
0,-0.89509,0.29180
1,0.15608,0.01823
0,-0.54829,0.83316
0,-0.73688,0.66440
1,2.01581,0.34568
1,0.25335,-0.08684
0,0.89341,0.33730
0,-0.84759,0.49541
0,0.14577,0.96093
1,0.79517,-0.41424
1,1.93072,0.18658
1,1.65712,-0.15673
0,-0.81082,0.70238
0,-1.03804,0.04200
0,0.86894,0.32160
1,2.07828,0.28735
0,-0.71192,0.54519
0,1.09654,0.22363
0,-0.83939,0.52756
0,-0.14632,1.01430
1,1.57854,-0.34004
0,-0.96766,0.44934
1,1.41893,-0.37787
0,0.86546,0.54101
0,0.97829,0.23332
0,-0.23809,0.95880
1,0.95304,-0.45824
0,-0.47762,0.84894
0,0.53676,0.83546
1,0.81029,-0.49896
0,-0.30416,0.84197
1,0.93317,-0.52841
1,0.07519,0.17030
0,-0.27690,0.96060
1,1.95183,-0.06598
1,1.66710,-0.26225
0,0.63656,0.82259
1,1.71135,-0.17917
1,0.00290,0.40828
1,0.56620,-0.33702
1,1.68950,-0.31229
0,-0.83519,0.70253
0,-0.87540,0.47902
1,0.29365,-0.15665
1,1.42170,-0.34951
0,-0.15573,0.91803
0,-0.50872,0.93440
